{"cameraMode":{"drawMode":0,"name":"Shaded","section":"Shading Mode"},"sceneLighting":true,"audioPlay":false,"sceneViewState":{"showFog":true,"showMaterialUpdate":false,"showSkybox":true,"showFlares":true,"showImageEffects":true,"showParticleSystems":true},"in2DMode":false,"pivot":{"x":-0.4330005645751953,"y":-0.10000000149011612,"z":35.25},"rotation":{"x":-0.45582112669944765,"y":-0.018969757482409478,"z":0.00972122885286808,"w":-0.889816164970398},"size":49.71018600463867,"orthographic":false}